﻿{
  "gxName": "advocacy",
  "title": "advocacy",
  "startVideoName": "intro",
  "currentVideoIndex": -1,
  "homeVideoId": "intro",
  "homeVideoIcon": "fa-home",
  "homeVideoEvent": "home",
  "skipVideoId": "intro",
  "skipVideoIcon": "fa-step-forward",
  "skipVideoEvent": "skip",
  "backVideoIcon": "fa-step-backward",
  "backVideoEvent": "back",
  "infoVideoIcon": "fa-question",
  "infoVideoEvent": "showSlideInfo",
  "showScrubber": true,
  "videos": [
   
   
   
   
   
   
   {
      "name": "intro",
      "brightcoveId": "5506179083001",
      "tracks": "intro",
      "duration": 28,
      "endBehavior": "",
      "waitSegmentStart": 27,
      "skipIntro": 10,
      "onscreenElements": [
      
            {
          "class": "subjecthead",
          "content": "Learn More",
          "lastQuestion": false,
          "start": 10,
          "end": 57,
          "align": "top-left",
          "defaultAction": {
            "weightings": []
          }
        },
        
        {
          "class": "question clickable",
          "content": "Health Plans: Financial Considerations",
          "lastQuestion": false,
          "start": 10.5,
          "end": 30,
          "align": "top-left",
          "defaultAction": {
            "jumpToName": "financialconsiderations",
            "weightings": []
          }
        },
        
        {
          "class": "question clickable",
          "content": "How the Health Plans Work",
          "lastQuestion": false,
          "start": 11,
          "end": 30,
          "align": "top-left",
          "defaultAction": {
            "jumpToName": "howhealthplanswork",
            "weightings": []
          }
        },
        
         {
          "class": "question clickable",
          "content": "Understanding HSA",
          "lastQuestion": false,
          "start": 11.5,
          "end": 30,
          "align": "top-left",
          "defaultAction": {
            "jumpToName": "understandinghsa",
            "weightings": []
          }
        },

        {
          "class": "question clickable",
          "content": "Benefits Impact",
          "lastQuestion": false,
          "start": 12,
          "end": 30,
          "align": "top-left",
            "defaultAction": {
            "jumpToName": "benefitsimpact",
            "weightings": []
          }
        }
      ]
    },
    
    
    
    
    
    
    
    
    
    
    {
     "name": "returnIntro",
      "brightcoveId": "5506177660001",
      "tracks": "returnIntro",
      "duration": 28,
      "endBehavior": "",
      "waitSegmentStart": 27,
      "skipIntro": 10,
      "onscreenElements": [
       
            {
          "class": "subjecthead",
          "content": "Learn More",
          "lastQuestion": false,
          "start": 10,
          "end": 57,
          "align": "top-left",
          "defaultAction": {
            "weightings": []
          }
        },
        
        {
          "class": "question clickable",
          "content": "Health Plans: Financial Considerations",
          "lastQuestion": false,
          "start": 10,
          "end": 30,
          "align": "top-left",
          "defaultAction": {
            "jumpToName": "financialconsiderations",
            "weightings": []
          }
        },
        
         {
          "class": "question clickable",
          "content": "How the Health Plans Work",
          "lastQuestion": false,
          "start": 10,
          "end": 30,
          "align": "top-left",
          "defaultAction": {
            "jumpToName": "howhealthplanswork",
            "weightings": []
          }
        },
        
        {
          "class": "question clickable",
          "content": "Understanding HSA",
          "lastQuestion": false,
          "start": 10,
          "end": 30,
          "align": "top-left",
          "defaultAction": {
            "jumpToName": "understandinghsa",
            "weightings": []
          }
        },
  
        {
          "class": "question clickable",
          "content": "Benefits Impact",
          "lastQuestion": false,
          "start": 10,
          "end": 30,
          "align": "top-left",
          "defaultAction": {
            "jumpToName": "benefitsimpact",
            "weightings": []
          }
        }
      ]
    },

   
   
   
   
   
   
   
   
   
   
   {
      "name": "financialconsiderations",
      "brightcoveId": "5506191650001",
      "duration": 28,
      "endBehavior": "",
      "waitSegmentStart": 27,
      "onscreenElements": [
        {
          "class": "subjecthead",
          "content": "Financial Considerations",
          "lastQuestion": false,
          "start": 10,
          "end": 30,
          "align": "top-left",
          "defaultAction": {
            "weightings": []
          }
        },
        {
          "class": "question clickable",
          "content": "How to estimate the financial impact of our new benefits",
          "lastQuestion": false,
          "start": 10,
          "end": 30,
          "align": "top-left",
          "defaultAction": {
            "jumpToName": "financialconsiderationsQ1",
            "weightings": []
          }
        },
		{
          "class": "question clickable",
          "content": "Why Employer contribution to the HDHP is higher than the PPO and/or HMO options",
          "lastQuestion": false,
          "start": 10,
          "end": 30,
          "align": "top-left",
          "defaultAction": {
            "jumpToName": "financialconsiderationsQ2",
            "weightings": []
          }
        },
        
      {
          "class": "question clickable",
          "content": "Why consider Bronze or Silver HDHP options",
          "lastQuestion": false,
          "start": 10,
          "end": 30,
          "align": "top-left",
          "defaultAction": {
            "jumpToName": "financialconsiderationsQ3",
            "weightings": []
          }
        },
    	 {
          "class": "question clickable",
          "content": "Why choose a higher deductible plan with an HSA",
          "lastQuestion": false,
          "start": 10,
          "end": 30,
          "align": "top-left",
          "defaultAction": {
            "jumpToName": "financialconsiderationsQ4",
            "weightings": []
          }
        },
        
    
        
        {
          "class": "question clickable",
          "content": "Help me find lower cost RX and/or lower cost quality health care options",
          "lastQuestion": false,
          "start": 10,
          "end": 30,
          "align": "top-left",
         "defaultAction": {
            "jumpToName": "financialconsiderationsQ5",
            "weightings": []
          }
        }
      ]
    },
    
    
    
    
    
       
   
   {
      "name": "financialconsiderationsQ1",
      "brightcoveId": "5506184896001",
      "duration": 28,
      "endBehavior": "",
      "waitSegmentStart": 27,
      "onscreenElements": [

       
       
        {
          "class": "",
          "content": "",
          "event": "",
          "lastQuestion": false,
          "start": 10,
          "end": 30,
          "align": "top-left",
          "defaultAction": {
            "weightings": []
          }
        }
      ]
    },
    
    
    
       
   
   {
      "name": "financialconsiderationsQ2",
      "brightcoveId": "5506169511001",
      "duration": 28,
      "endBehavior": "",
      "waitSegmentStart": 27,
      "onscreenElements": [

       
       
              {
          "class": "",
          "content": "",
          "event": "",
          "lastQuestion": false,
          "start": 10,
          "end": 30,
          "align": "top-left",
          "defaultAction": {
            "weightings": []
          }
        }
      ]
    },
    
    
    
        
       
   {
      "name": "financialconsiderationsQ3",
      "brightcoveId": "5506184898001",
      "duration": 28,
      "endBehavior": "",
      "waitSegmentStart": 27,
      "onscreenElements": [

       
       
          {
          "class": "",
          "content": "",
          "event": "",
          "lastQuestion": false,
          "start": 10,
          "end": 30,
          "align": "top-left",
          "defaultAction": {
            "weightings": []
          }
        }
      ]
    },
    
        
        
       
   {
      "name": "financialconsiderationsQ4",
      "brightcoveId": "5506179075001",
      "duration": 28,
      "endBehavior": "",
      "waitSegmentStart": 27,
      "onscreenElements": [

       
       
        {
          "class": "",
          "content": "",
          "event": "",
          "lastQuestion": false,
          "start": 10,
          "end": 30,
          "align": "top-left",
          "defaultAction": {
            "weightings": []
          }
        }
      ]
    },
    
        
        
       
   {
      "name": "financialconsiderationsQ5",
      "brightcoveId": "5506184899001",
      "duration": 28,
      "endBehavior": "",
      "waitSegmentStart": 27,
      "onscreenElements": [

       
       
        {
          "class": "",
          "content": "",
          "event": "",
          "lastQuestion": false,
          "start": 10,
          "end": 30,
          "align": "top-left",
          "defaultAction": {
            "weightings": []
          }
        }
      ]
    },
    
    
    
    
    
    
    
    
    
    
    
    
     {
      "name": "howhealthplanswork",
      "brightcoveId": "5506191658001",
      "duration": 28,
      "endBehavior": "",
      "waitSegmentStart": 27,
      "onscreenElements": [
        {
          "class": "subjecthead",
          "content": "How the Health Plans Work",
          "lastQuestion": false,
          "start": 10,
          "end": 57,
          "align": "top-left",
          "defaultAction": {
            "weightings": []
          }
        },
        {
          "class": "question clickable",
          "content": "Does the Prescription co-pay still apply with the new HDHP?",
          "lastQuestion": false,
          "start": 10,
          "end": 30,
          "align": "top-left",
          "defaultAction": {
            "jumpToName": "howhealthplansworkQ1",
            "weightings": []
          }
        },
        {
          "class": "question clickable",
          "content": "How will the current health care change with our New Plan(s)?",
          "lastQuestion": false,
          "start": 10,
          "end": 30,
          "align": "top-left",
          "defaultAction": {
            "jumpToName": "howhealthplansworkQ2",
            "weightings": []
          }
        },
        {
          "class": "question clickable",
          "content": "Confirming my current Health Care Providers are still in-network",
          "lastQuestion": false,
          "start": 10,
          "end": 30,
          "align": "top-left",
          "defaultAction": {
            "jumpToName": "howhealthplansworkQ3",
            "weightings": []
          }
        },
        
                {
          "class": "question clickable",
          "content": "Am I making the right health care choices for my family?",
          "lastQuestion": false,
          "start": 10,
          "end": 30,
          "align": "top-left",
          "defaultAction": {
            "jumpToName": "howhealthplansworkQ4",
            "weightings": []
          }
        },

        {
          "class": "question clickable",
          "content": "If I don’t like the HDHP & HSA plans, can I switch back next year?",
          "lastQuestion": false,
          "start": 10,
          "end": 30,
          "align": "top-left",
         "defaultAction": {
            "jumpToName": "howhealthplansworkQ5",
            "weightings": []
          }
        }
      ]
    },
    
    
    
    
    
        
    
    
    
       
   
   {
      "name": "howhealthplansworkQ1",
      "brightcoveId": "5506181891001",
      "duration": 28,
      "endBehavior": "",
      "waitSegmentStart": 27,
      "onscreenElements": [

       
       
       
        {
          "class": "",
          "content": "",
          "event": "",
          "lastQuestion": false,
          "start": 10,
          "end": 30,
          "align": "top-left",
          "defaultAction": {
            "weightings": []
          }
        }
      ]
    },
    
    
    
       
   
   {
      "name": "howhealthplansworkQ2",
      "brightcoveId": "5506191653001",
      "duration": 28,
      "endBehavior": "",
      "waitSegmentStart": 27,
      "onscreenElements": [

       
       
         
        {
          "class": "",
          "content": "",
          "event": "",
          "lastQuestion": false,
          "start": 10,
          "end": 30,
          "align": "top-left",
          "defaultAction": {
            "weightings": []
          }
        }
      ]
    },
    
    
        
       
   {
      "name": "howhealthplansworkQ3",
      "brightcoveId": "5506179079001",
      "duration": 28,
      "endBehavior": "",
      "waitSegmentStart": 27,
      "onscreenElements": [

       
       
       
        {
          "class": "",
          "content": "",
          "event": "",
          "lastQuestion": false,
          "start": 10,
          "end": 30,
          "align": "top-left",
          "defaultAction": {
            "weightings": []
          }
        }
      ]
    },
        
        
       
   {
      "name": "howhealthplansworkQ4",
      "brightcoveId": "5506179081001",
      "duration": 28,
      "endBehavior": "",
      "waitSegmentStart": 27,
      "onscreenElements": [

       
         
        {
          "class": "",
          "content": "",
          "event": "",
          "lastQuestion": false,
          "start": 10,
          "end": 30,
          "align": "top-left",
          "defaultAction": {
            "weightings": []
          }
        }
      ]
    },
        
        
       
   {
      "name": "howhealthplansworkQ5",
      "brightcoveId": "5506179082001",
      "duration": 28,
      "endBehavior": "",
      "waitSegmentStart": 27,
      "onscreenElements": [

       
           
        {
          "class": "",
          "content": "",
          "event": "",
          "lastQuestion": false,
          "start": 10,
          "end": 30,
          "align": "top-left",
          "defaultAction": {
            "weightings": []
          }
        }
      ]
    },
    
    
    
    
    
    
    
    
    
    
    
     {
      "name": "understandinghsa",
      "brightcoveId": "5506184905001",
      "duration": 28,
      "endBehavior": "",
      "waitSegmentStart": 27,
      "onscreenElements": [
        {
          "class": "subjecthead",
          "content": "Understanding HSA",
          "lastQuestion": false,
          "start": 10,
          "end": 57,
          "align": "top-left",
          "defaultAction": {
            "weightings": []
          }
        },
        {
          "class": "question clickable",
          "content": "What is the difference between my FSA and this new HSA?",
          "lastQuestion": false,
          "start": 10,
          "end": 30,
          "align": "top-left",
          "defaultAction": {
            "jumpToName": "understandinghsaQ1",
            "weightings": []
          }
        },
        {
          "class": "question clickable",
          "content": "With high health care utilization, how could I speed up contributions to my HSA?",
          "lastQuestion": false,
          "start": 10,
          "end": 30,
          "align": "top-left",
           "defaultAction": {
            "jumpToName": "understandinghsaQ2",
            "weightings": []
          }
        },
        {
          "class": "question clickable",
          "content": "If I don’t need my HSA Contributions this year, can it be used in future years?",
          "lastQuestion": false,
          "start": 10,
          "end": 30,
          "align": "top-left",
           "defaultAction": {
            "jumpToName": "understandinghsaQ3",
            "weightings": []
          }
        },

        

        {
          "class": "question clickable",
          "content": "Whose health care expenses can I pay for with my HSAs?  How is this the same or different than my HRA or FSA?",
          "lastQuestion": false,
          "start": 10,
          "end": 30,
          "align": "top-left",
           "defaultAction": {
            "jumpToName": "understandinghsaQ4",
            "weightings": []
          }
        }
      ]
    },
    
    
    
    
    
    
        
    
       
   
   {
      "name": "understandinghsaQ1",
      "brightcoveId": "5506179084001",
      "duration": 28,
      "endBehavior": "",
      "waitSegmentStart": 27,
      "onscreenElements": [

         
        {
          "class": "",
          "content": "",
          "event": "",
          "lastQuestion": false,
          "start": 10,
          "end": 30,
          "align": "top-left",
          "defaultAction": {
            "weightings": []
          }
        }
      ]
    },
    
    
       
   
   {
      "name": "understandinghsaQ2",
      "brightcoveId": "5506169517001",
      "duration": 28,
      "endBehavior": "",
      "waitSegmentStart": 27,
      "onscreenElements": [

       
        {
          "class": "",
          "content": "",
          "event": "",
          "lastQuestion": false,
          "start": 10,
          "end": 30,
          "align": "top-left",
          "defaultAction": {
            "weightings": []
          }
        }
      ]
    },
    
        
       
   {
      "name": "understandinghsaQ3",
      "brightcoveId": "5506179085001",
      "duration": 28,
      "endBehavior": "",
      "waitSegmentStart": 27,
      "onscreenElements": [

       
       
        {
          "class": "",
          "content": "",
          "event": "",
          "lastQuestion": false,
          "start": 10,
          "end": 30,
          "align": "top-left",
          "defaultAction": {
            "weightings": []
          }
        }
      ]
    },
        
        
       
   {
      "name": "understandinghsaQ4",
      "brightcoveId": "5506184904001",
      "duration": 28,
      "endBehavior": "",
      "waitSegmentStart": 27,
      "onscreenElements": [

       
        {
          "class": "",
          "content": "",
          "event": "",
          "lastQuestion": false,
          "start": 10,
          "end": 30,
          "align": "top-left",
          "defaultAction": {
            "weightings": []
          }
        }
      ]
    },
        
        
        
        
        
    
    
    
    
    
     
    
     {
      "name": "benefitsimpact",
      "brightcoveId": "5506218959001",
      "duration": 28,
      "endBehavior": "",
      "waitSegmentStart": 27,
      "onscreenElements": [
        {
          "class": "subjecthead",
          "content": "Benefits Impact",
          "lastQuestion": false,
          "start": 10,
          "end": 57,
          "align": "top-left",
          "defaultAction": {
            "weightings": []
          }
        },
        {
          "class": "question clickable",
          "content": "What is the impact to my pension/401K now that I am part of this new company?",
          "lastQuestion": false,
          "start": 10,
          "end": 30,
          "align": "top-left",
          "defaultAction": {
            "jumpToName": "benefitsimpactQ1",
            "weightings": []
          }
        },
        {
          "class": "question clickable",
          "content": "I met my deductible under my old company’s medical plan, do I have to meet it again?",
          "lastQuestion": false,
          "start": 10,
          "end": 30,
          "align": "top-left",
          "defaultAction": {
            "jumpToName": "benefitsimpactQ2",
            "weightings": []
          }
        },
        

        {
          "class": "question clickable",
          "content": "What happens to my PTO or sick days? Do I lose this time?",
          "lastQuestion": false,
          "start": 10,
          "end": 30,
          "align": "top-left",
         "defaultAction": {
            "jumpToName": "benefitsimpactQ3",
            "weightings": []
          }
        }
      ]
    },
    
    
    
    
    
    
        
   
   {
      "name": "benefitsimpactQ1",
      "brightcoveId": "5506207156001",
      "duration": 28,
      "endBehavior": "",
      "waitSegmentStart": 27,
      "onscreenElements": [

       
         
        {
          "class": "",
          "content": "",
          "event": "",
          "lastQuestion": false,
          "start": 10,
          "end": 30,
          "align": "top-left",
          "defaultAction": {
            "weightings": []
          }
        }
      ]
    },
    
    
    
       
   
   {
      "name": "benefitsimpactQ2",
      "brightcoveId": "5506217851001",
      "duration": 28,
      "endBehavior": "",
      "waitSegmentStart": 27,
      "onscreenElements": [

       
         
        {
          "class": "",
          "content": "",
          "event": "",
          "lastQuestion": false,
          "start": 10,
          "end": 30,
          "align": "top-left",
          "defaultAction": {
            "weightings": []
          }
        }
      ]
    },
    
    
        
       
   {
      "name": "benefitsimpactQ3",
      "brightcoveId": "5506199322001",
      "duration": 28,
      "endBehavior": "",
      "waitSegmentStart": 27,
      "onscreenElements": [

       
       
        {
          "class": "",
          "content": "",
          "event": "",
          "lastQuestion": false,
          "start": 10,
          "end": 30,
          "align": "top-left",
          "defaultAction": {
            "weightings": []
          }
        }
      ]
    },
        
        
        
        
        
    
    
    
    
    
    
    
    
    {
      "name": "topQuestions",
      "brightcoveId": "5456130368001",
      "duration": 57,
      "endBehavior": "",
      "waitSegmentStart": 23,
      "onscreenElements": [
        {
          "class": "question",
          "content": "Top Questions and Answers",
          "lastQuestion": false,
          "start": 9,
          "end": 58,
          "align": "top-left",
          "defaultAction": {
            "weightings": []
          }
        },
        {
          "class": "answer bulleted clickable",
          "content": "When am I eligible?",
          "lastQuestion": false,
          "start": 9,
          "end": 58,
          "align": "top-left",
          "defaultAction": {
            "weightings": []
          }
        },
        {
          "class": "answer bulleted clickable",
          "content": "HRA vs. HSA?",
          "lastQuestion": false,
          "start": 9,
          "end": 58,
          "align": "top-left",
          "defaultAction": {
            "jumpToName": "hraVsHsa",
            "weightings": []
          }
        },
        {
          "class": "answer bulleted clickable",
          "content": "Which doctors are in my plan?",
          "lastQuestion": false,
          "start": 9,
          "end": 58,
          "align": "top-left",
          "defaultAction": {
            "weightings": []
          }
        },
        {
          "class": "answer bulleted clickable",
          "content": "How do I add dependents?",
          "lastQuestion": false,
          "start": 9,
          "end": 58,
          "align": "top-left",
          "defaultAction": {
            "weightings": []
          }
        },
        {
          "class": "answer bulleted clickable",
          "content": "What is the meaning of life?",
          "lastQuestion": false,
          "start": 9,
          "end": 16,
          "align": "top-left",
          "defaultAction": {
            "weightings": []
          }
        },
        {
          "class": "answer backToMainMenu",
          "content": "Back to Main Menu",
          "event": "backToMainMenuEvent",
          "lastQuestion": false,
          "start": 16,
          "end": 58,
          "align": "top-left",
          "defaultAction": {
            "weightings": []
          }
        }
      ]
    },
    {
      "name": "hraVsHsa",
      "brightcoveId": "5456144966001",
      "duration": 127,
      "endBehavior": "",
      "waitSegmentStart": 94,
      "onscreenElements": [
        {
          "class": "question",
          "content": "Top Questions and Answers",
          "lastQuestion": false,
          "start": 83,
          "end": 128,
          "align": "top-left",
          "defaultAction": {
            "weightings": []
          }
        },
        {
          "class": "answer bulleted clickable",
          "content": "When am I eligible?",
          "lastQuestion": false,
          "start": 83,
          "end": 128,
          "align": "top-left",
          "defaultAction": {
            "weightings": []
          }
        },
        {
          "class": "answer bulleted clickable",
          "content": "HRA vs. HSA?",
          "lastQuestion": false,
          "start": 83,
          "end": 128,
          "align": "top-left",
          "defaultAction": {
            "jumpToName": "hraVsHsa",
            "weightings": []
          }
        },
        {
          "class": "answer bulleted clickable",
          "content": "Which doctors are in my plan?",
          "lastQuestion": false,
          "start": 83,
          "end": 128,
          "align": "top-left",
          "defaultAction": {
            "weightings": []
          }
        },
        {
          "class": "answer bulleted clickable",
          "content": "How do I add dependents?",
          "lastQuestion": false,
          "start": 83,
          "end": 128,
          "align": "top-left",
          "defaultAction": {
            "weightings": []
          }
        },
        {
          "class": "answer backToMainMenu",
          "content": "Back to Main Menu",
          "event": "backToMainMenuEvent",
          "lastQuestion": false,
          "start": 83,
          "end": 128,
          "align": "top-left",
          "defaultAction": {
            "weightings": []
          }
        }
      ]
    }
  ],
  "recommendations": [
    {
      "name": "plan1",
      "voteBucket": 0
    }
  ]
}
