﻿{
  "gxName": "advocacy",
  "title": "advocacy",
  "startVideoName": "intro",
  "currentVideoIndex": -1,
  "homeVideoId": "intro",
  "homeVideoIcon": "fa-home",
  "homeVideoEvent": "home",
  "skipVideoId": "intro",
  "skipVideoIcon": "fa-mail-forward",
  "skipVideoEvent": "skip",
  "backVideoIcon": "fa-mail-reply",
  "backVideoEvent": "back",
  "infoVideoIcon": "fa-question",
  "infoVideoEvent": "showSlideInfo",
  "showScrubber": true,
  "videos": [
    {
      "name": "intro",
      "brightcoveId": "5534343268001",
      "tracks": "intro",
      "duration": 103,
      "endBehavior": "",
      "waitSegmentStart": 81,
      "skipIntro": 32,
      "onscreenElements": [
        {
          "class": "subjecthead",
          "content": "Learn More",
          "lastQuestion": false,
          "start": 40,
          "end": 130,
          "align": "top-left",
          "defaultAction": {
            "weightings": []
          }
        },
        {
          "class": "question clickable",
          "content": "Health Plans: Financial Considerations",
          "lastQuestion": false,
          "start": 41,
          "end": 130,
          "align": "top-left",
          "defaultAction": {
            "jumpToName": "financialconsiderations",
            "weightings": []
          }
        },
        {
          "class": "question clickable",
          "content": "How the Health Plans Work",
          "lastQuestion": false,
          "start": 43,
          "end": 130,
          "align": "top-left",
          "defaultAction": {
            "jumpToName": "howhealthplanswork",
            "weightings": []
          }
        },
        {
          "class": "question clickable",
          "content": "Understanding HSA",
          "lastQuestion": false,
          "start": 46,
          "end": 130,
          "align": "top-left",
          "defaultAction": {
            "jumpToName": "understandinghsa",
            "weightings": []
          }
        },
        {
          "class": "question clickable",
          "content": "Next Steps",
          "lastQuestion": false,
          "start": 56,
          "end": 130,
          "align": "top-left",
          "defaultAction": {
            "jumpToName": "nextsteps",
            "weightings": []
          }
        }
      ]
    },
    {
      "name": "returnIntro",
      "brightcoveId": "5534350977001",
      "tracks": "returnIntro",
      "duration": 18,
      "endBehavior": "",
      "waitSegmentStart": 6,
      "onscreenElements": [

        {
          "class": "subjecthead",
          "content": "Learn More",
          "lastQuestion": false,
          "start": 1,
          "end": 57,
          "align": "top-left",
          "defaultAction": {
            "weightings": []
          }
        },

        {
          "class": "question clickable",
          "content": "Health Plans: Financial Considerations",
          "lastQuestion": false,
          "start": 1,
          "end": 30,
          "align": "top-left",
          "defaultAction": {
            "jumpToName": "financialconsiderations",
            "weightings": []
          }
        },

        {
          "class": "question clickable",
          "content": "How the Health Plans Work",
          "lastQuestion": false,
          "start": 1,
          "end": 30,
          "align": "top-left",
          "defaultAction": {
            "jumpToName": "howhealthplanswork",
            "weightings": []
          }
        },

        {
          "class": "question clickable",
          "content": "Understanding HSA",
          "lastQuestion": false,
          "start": 1,
          "end": 30,
          "align": "top-left",
          "defaultAction": {
            "jumpToName": "understandinghsa",
            "weightings": []
          }
        },
        {
          "class": "question clickable",
          "content": "Next Steps",
          "lastQuestion": false,
          "start": 1,
          "end": 30,
          "align": "top-left",
          "defaultAction": {
            "jumpToName": "nextsteps",
            "weightings": []
          }
        }
      ]
    },
    {
      "name": "financialconsiderations",
      "brightcoveId": "5534350480001",
      "duration": 36,
      "endBehavior": "",
      "waitSegmentStart": 14,
      "skipIntro": 8,
      "onscreenElements": [
        {
          "class": "subjecthead",
          "content": "Financial Considerations",
          "lastQuestion": false,
          "start": 10,
          "end": 50,
          "align": "top-left",
          "defaultAction": {
            "weightings": []
          }
        },
        {
          "class": "question clickable",
          "content": "How do I figure out how much I’ll be paying with my new plan?",
          "lastQuestion": false,
          "event": "tallyAnswerA1",
          "start": 10,
          "end": 50,
          "align": "top-left",
          "defaultAction": {
            "jumpToName": "financialconsiderationsQ1",
            "weightings": []
          }
        },
        {
          "class": "question clickable",
          "content": "Why employer contribution to the HDHP is higher than the PPO and/or HMO options",
          "lastQuestion": false,
          "event": "tallyAnswerA2",
          "start": 10,
          "end": 50,
          "align": "top-left",
          "defaultAction": {
            "jumpToName": "financialconsiderationsQ2",
            "weightings": []
          }
        },
        {
          "class": "question clickable",
          "content": "Why consider Bronze or Silver HDHP options",
          "lastQuestion": false,
          "event": "tallyAnswerA3",
          "start": 10,
          "end": 50,
          "align": "top-left",
          "defaultAction": {
            "jumpToName": "financialconsiderationsQ3",
            "weightings": []
          }
        },
        {
          "class": "question clickable",
          "content": "Why change from a PPO/HMO? Why choose a higher deductible plan with an HSA?",
          "lastQuestion": false,
          "event": "tallyAnswerA4",
          "start": 10,
          "end": 50,
          "align": "top-left",
          "defaultAction": {
            "jumpToName": "financialconsiderationsQ4",
            "weightings": []
          }
        },
        {
          "class": "question clickable",
          "content": "Help me find lower cost RX and/or lower cost quality healthcare options",
          "lastQuestion": false,
          "event": "tallyAnswerA5",
          "start": 10,
          "end": 50,
          "align": "top-left",
          "defaultAction": {
            "jumpToName": "financialconsiderationsQ5",
            "weightings": []
          }
        }
      ]
    },
    {
      "name": "financialconsiderationsQ1",
      "brightcoveId": "5534343270001",
      "duration": 66,
      "endBehavior": "",
      "waitSegmentStart": 47,
      "onscreenElements": [
        {
          "class": "",
          "content": "",
          "lastQuestion": false,
          "start": 10,
          "end": 30,
          "align": "top-left",
          "defaultAction": {
            "weightings": []
          }
        }
      ]
    },
    {
      "name": "financialconsiderationsQ2",
      "brightcoveId": "5534348393001",
      "duration": 67,
      "endBehavior": "",
      "waitSegmentStart": 39,
      "onscreenElements": [
        {
          "class": "",
          "content": "",
          "event": "",
          "lastQuestion": false,
          "start": 10,
          "end": 30,
          "align": "top-left",
          "defaultAction": {
            "weightings": []
          }
        }
      ]
    },
    {
      "name": "financialconsiderationsQ3",
      "brightcoveId": "5534343269001",
      "duration": 72,
      "endBehavior": "",
      "waitSegmentStart": 46,
      "onscreenElements": [
        {
          "class": "",
          "content": "",
          "event": "",
          "lastQuestion": false,
          "start": 10,
          "end": 30,
          "align": "top-left",
          "defaultAction": {
            "weightings": []
          }
        }
      ]
    },
    {
      "name": "financialconsiderationsQ4",
      "brightcoveId": "5534343667001",
      "duration": 57,
      "endBehavior": "",
      "waitSegmentStart": 31,
      "onscreenElements": [
        {
          "class": "",
          "content": "",
          "event": "",
          "lastQuestion": false,
          "start": 10,
          "end": 30,
          "align": "top-left",
          "defaultAction": {
            "weightings": []
          }
        }
      ]
    },
    {
      "name": "financialconsiderationsQ5",
      "brightcoveId": "5534351262001",
      "duration": 47,
      "endBehavior": "",
      "waitSegmentStart": 21,
      "onscreenElements": [
        {
          "class": "",
          "content": "",
          "event": "",
          "lastQuestion": false,
          "start": 10,
          "end": 30,
          "align": "top-left",
          "defaultAction": {
            "weightings": []
          }
        }
      ]
    },
    {
      "name": "howhealthplanswork",
      "brightcoveId": "5534379942001",
      "duration": 42,
      "endBehavior": "",
      "waitSegmentStart": 16,
      "skipIntro": 8,
      "onscreenElements": [
        {
          "class": "subjecthead",
          "content": "How the Health Plans Work",
          "lastQuestion": false,
          "start": 10,
          "end": 50,
          "align": "top-left",
          "defaultAction": {
            "weightings": []
          }
        },
        {
          "class": "question clickable",
          "content": "Does the prescription co-pay still apply with the new HDHP?",
          "lastQuestion": false,
          "event": "tallyAnswerB1",
          "start": 10,
          "end": 50,
          "align": "top-left",
          "defaultAction": {
            "jumpToName": "howhealthplansworkQ1",
            "weightings": []
          }
        },
        {
          "class": "question clickable",
          "content": "How does our current healthcare change with our new plan(s)?",
          "lastQuestion": false,
          "event": "tallyAnswerB2",
          "start": 10,
          "end": 50,
          "align": "top-left",
          "defaultAction": {
            "jumpToName": "howhealthplansworkQ2",
            "weightings": []
          }
        },
        {
          "class": "question clickable",
          "content": "Confirming my current healthcare providers are still in-network",
          "lastQuestion": false,
          "event": "tallyAnswerB3",
          "start": 10,
          "end": 50,
          "align": "top-left",
          "defaultAction": {
            "jumpToName": "howhealthplansworkQ3",
            "weightings": []
          }
        },

        {
          "class": "question clickable",
          "content": "Am I making the right health care choices for my family?",
          "lastQuestion": false,
          "event": "tallyAnswerB4",
          "start": 10,
          "end": 50,
          "align": "top-left",
          "defaultAction": {
            "jumpToName": "howhealthplansworkQ4",
            "weightings": []
          }
        },

        {
          "class": "question clickable",
          "content": "If I don’t like the HDHP & HSA plans, can I switch back next year?",
          "lastQuestion": false,
          "event": "tallyAnswerB5",
          "start": 10,
          "end": 50,
          "align": "top-left",
          "defaultAction": {
            "jumpToName": "howhealthplansworkQ5",
            "weightings": []
          }
        }
      ]
    },
    {
      "name": "howhealthplansworkQ1",
      "brightcoveId": "5534369805001",
      "duration": 55,
      "endBehavior": "",
      "waitSegmentStart": 33,
      "onscreenElements": [
        {
          "class": "",
          "content": "",
          "event": "",
          "lastQuestion": false,
          "start": 10,
          "end": 30,
          "align": "top-left",
          "defaultAction": {
            "weightings": []
          }
        }
      ]
    },
    {
      "name": "howhealthplansworkQ2",
      "brightcoveId": "5534366689001",
      "duration": 64,
      "endBehavior": "",
      "waitSegmentStart": 32,
      "onscreenElements": [
        {
          "class": "",
          "content": "",
          "event": "",
          "lastQuestion": false,
          "start": 10,
          "end": 30,
          "align": "top-left",
          "defaultAction": {
            "weightings": []
          }
        }
      ]
    },
    {
      "name": "howhealthplansworkQ3",
      "brightcoveId": "5534379943001",
      "duration": 60,
      "endBehavior": "",
      "waitSegmentStart": 32,
      "onscreenElements": [
        {
          "class": "",
          "content": "",
          "event": "",
          "lastQuestion": false,
          "start": 10,
          "end": 30,
          "align": "top-left",
          "defaultAction": {
            "weightings": []
          }
        }
      ]
    },
    {
      "name": "howhealthplansworkQ4",
      "brightcoveId": "5534379144001",
      "duration": 67,
      "endBehavior": "",
      "waitSegmentStart": 40,
      "onscreenElements": [
        {
          "class": "",
          "content": "",
          "event": "",
          "lastQuestion": false,
          "start": 10,
          "end": 30,
          "align": "top-left",
          "defaultAction": {
            "weightings": []
          }
        }
      ]
    },
    {
      "name": "howhealthplansworkQ5",
      "brightcoveId": "5534366690001",
      "duration": 81,
      "endBehavior": "",
      "waitSegmentStart": 51,
      "onscreenElements": [
        {
          "class": "",
          "content": "",
          "event": "",
          "lastQuestion": false,
          "start": 10,
          "end": 30,
          "align": "top-left",
          "defaultAction": {
            "weightings": []
          }
        }
      ]
    },
    {
      "name": "understandinghsa",
      "brightcoveId": "5534369481001",
      "duration": 42,
      "endBehavior": "",
      "waitSegmentStart": 15,
      "skipIntro": 9,
      "onscreenElements": [
        {
          "class": "subjecthead",
          "content": "Understanding HSA",
          "lastQuestion": false,
          "start": 11,
          "end": 57,
          "align": "top-left",
          "defaultAction": {
            "weightings": []
          }
        },
        {
          "class": "question clickable",
          "content": "What is the difference between my FSA and this new HSA?",
          "lastQuestion": false,
          "event": "tallyAnswerC1",
          "start": 11,
          "end": 57,
          "align": "top-left",
          "defaultAction": {
            "jumpToName": "understandinghsaQ1",
            "weightings": []
          }
        },
        {
          "class": "question clickable",
          "content": "With high healthcare needs, how could I speed up contributions to my HSA?",
          "lastQuestion": false,
          "event": "tallyAnswerC2",
          "start": 11,
          "end": 57,
          "align": "top-left",
          "defaultAction": {
            "jumpToName": "understandinghsaQ2",
            "weightings": []
          }
        },
        {
          "class": "question clickable",
          "content": "If I don’t need my HSA Contributions this year, can it be used in future years?",
          "lastQuestion": false,
          "event": "tallyAnswerC3",
          "start": 11,
          "end": 57,
          "align": "top-left",
          "defaultAction": {
            "jumpToName": "understandinghsaQ3",
            "weightings": []
          }
        },
        {
          "class": "question clickable",
          "content": "Whose healthcare expenses can I pay for with my HSAs? How is this the same or different than my HRA or FSA?",
          "lastQuestion": false,
          "start": 11,
          "event": "tallyAnswerC4",
          "end": 57,
          "align": "top-left",
          "defaultAction": {
            "jumpToName": "understandinghsaQ4",
            "weightings": []
          }
        }
      ]
    },
    {
      "name": "understandinghsaQ1",
      "brightcoveId": "5534365885001",
      "duration": 58,
      "endBehavior": "",
      "waitSegmentStart": 30,
      "onscreenElements": [
        {
          "class": "",
          "content": "",
          "event": "",
          "lastQuestion": false,
          "start": 10,
          "end": 30,
          "align": "top-left",
          "defaultAction": {
            "weightings": []
          }
        }
      ]
    },
    {
      "name": "understandinghsaQ2",
      "brightcoveId": "5534365884001",
      "duration": 72,
      "endBehavior": "",
      "waitSegmentStart": 44,
      "onscreenElements": [
        {
          "class": "",
          "content": "",
          "event": "",
          "lastQuestion": false,
          "start": 10,
          "end": 30,
          "align": "top-left",
          "defaultAction": {
            "weightings": []
          }
        }
      ]
    },
    {
      "name": "understandinghsaQ3",
      "brightcoveId": "5534381914001",
      "duration": 53,
      "endBehavior": "",
      "waitSegmentStart": 23,
      "onscreenElements": [
        {
          "class": "",
          "content": "",
          "event": "",
          "lastQuestion": false,
          "start": 10,
          "end": 30,
          "align": "top-left",
          "defaultAction": {
            "weightings": []
          }
        }
      ]
    },
    {
      "name": "understandinghsaQ4",
      "brightcoveId": "5534381915001",
      "duration": 88,
      "endBehavior": "",
      "waitSegmentStart": 59,
      "onscreenElements": [
        {
          "class": "",
          "content": "",
          "event": "",
          "lastQuestion": false,
          "start": 10,
          "end": 30,
          "align": "top-left",
          "defaultAction": {
            "weightings": []
          }
        }
      ]
    },
    {
      "name": "nextsteps",
      "brightcoveId": "5534387260001",
      "duration": 77,
      "endBehavior": "",
      "waitSegmentStart": 48,
      "onscreenElements": [
        {
          "class": "subjecthead",
          "content": "Speak to a Representative",
          "lastQuestion": false,
          "start": 13,
          "end": 80,
          "align": "top-left",
          "defaultAction": {
            "weightings": []
          }
        },

        {
          "class": "question",
          "content": "1-800-555-1212",
          "lastQuestion": false,
          "start": 13,
          "end": 80,
          "align": "top-left",
          "defaultAction": {
            "weightings": []
          }
        },

        {
          "class": "subjecthead2",
          "content": "Your Reference Code",
          "lastQuestion": false,
          "start": 19,
          "end": 80,
          "align": "top-left",
          "defaultAction": {
            "weightings": []
          }
        },
        {
          "class": "question codestring",
          "content": "",
          "lastQuestion": false,

          "start": 19,
          "end": 80,
          "align": "top-left",
          "defaultAction": {
            "weightings": []
          }
        }
      ]
    },
    {
      "name": "topQuestions",
      "brightcoveId": "5456130368001",
      "duration": 57,
      "endBehavior": "",
      "waitSegmentStart": 23,
      "onscreenElements": [

        {
          "class": "answer backToMainMenu",
          "content": "Back to Main Menu",
          "event": "backToMainMenuEvent",
          "lastQuestion": false,
          "start": 16,
          "end": 58,
          "align": "top-left",
          "defaultAction": {
            "weightings": []
          }
        }
      ]
    },
    {
      "name": "hraVsHsa",
      "brightcoveId": "5456144966001",
      "duration": 127,
      "endBehavior": "",
      "waitSegmentStart": 94,
      "onscreenElements": [
        {
          "class": "question",
          "content": "Top Questions and Answers",
          "lastQuestion": false,
          "start": 83,
          "end": 128,
          "align": "top-left",
          "defaultAction": {
            "weightings": []
          }
        },

        {
          "class": "answer backToMainMenu",
          "content": "Back to Main Menu",
          "event": "backToMainMenuEvent",
          "lastQuestion": false,
          "start": 83,
          "end": 128,
          "align": "top-left",
          "defaultAction": {
            "weightings": []
          }
        }
      ]
    }
  ],
  "recommendations": [
    {
      "name": "plan1",
      "voteBucket": 0
    }
  ]
}
